/mnt/d/noctria_kingdom/airflow_docker/dags/levia_strategy_dag.py,/mnt/d/noctria_kingdom/src/strategies/levia_tempest.py
/mnt/d/noctria_kingdom/airflow_docker/dags/metaai_apply_dag.py,/mnt/d/noctria_kingdom/src/core/logger.py
/mnt/d/noctria_kingdom/airflow_docker/dags/metaai_apply_dag.py,/mnt/d/noctria_kingdom/src/core/path_config.py
/mnt/d/noctria_kingdom/airflow_docker/dags/metaai_apply_dag.py,/mnt/d/noctria_kingdom/src/scripts/apply_best_params_to_metaai.py
/mnt/d/noctria_kingdom/airflow_docker/dags/noctria_act_pipeline.py,/mnt/d/noctria_kingdom/src/core/decision_registry.py
/mnt/d/noctria_kingdom/airflow_docker/dags/noctria_act_pipeline.py,/mnt/d/noctria_kingdom/src/core/git_utils.py
/mnt/d/noctria_kingdom/airflow_docker/dags/noctus_strategy_dag.py,/mnt/d/noctria_kingdom/src/strategies/noctus_sentinella.py
/mnt/d/noctria_kingdom/airflow_docker/dags/prometheus_strategy_dag.py,/mnt/d/noctria_kingdom/src/core/path_config.py
/mnt/d/noctria_kingdom/airflow_docker/dags/prometheus_strategy_dag.py,/mnt/d/noctria_kingdom/src/strategies/prometheus_oracle.py
/mnt/d/noctria_kingdom/airflow_docker/dags/simulate_strategy_dag.py,/mnt/d/noctria_kingdom/src/core/logger.py
/mnt/d/noctria_kingdom/airflow_docker/dags/simulate_strategy_dag.py,/mnt/d/noctria_kingdom/src/core/path_config.py
/mnt/d/noctria_kingdom/airflow_docker/dags/simulate_strategy_dag.py,/mnt/d/noctria_kingdom/src/execution/simulate_official_strategy.py
/mnt/d/noctria_kingdom/airflow_docker/dags/structure_check_dag.py,/mnt/d/noctria_kingdom/src/core/path_config.py
/mnt/d/noctria_kingdom/airflow_docker/dags/veritas_act_record_dag.py,/mnt/d/noctria_kingdom/src/core/path_config.py
/mnt/d/noctria_kingdom/airflow_docker/dags/veritas_generate_dag.py,/mnt/d/noctria_kingdom/src/core/logger.py
/mnt/d/noctria_kingdom/airflow_docker/dags/veritas_generate_dag.py,/mnt/d/noctria_kingdom/src/core/path_config.py
/mnt/d/noctria_kingdom/airflow_docker/dags/veritas_generate_dag.py,/mnt/d/noctria_kingdom/src/veritas/strategy_generator.py
/mnt/d/noctria_kingdom/airflow_docker/dags/veritas_refactor_dag.py,/mnt/d/noctria_kingdom/src/core/path_config.py
/mnt/d/noctria_kingdom/airflow_docker/dags/veritas_refactor_dag.py,/mnt/d/noctria_kingdom/src/scripts/__init__.py
/mnt/d/noctria_kingdom/airflow_docker/dags/veritas_replay_dag.py,/mnt/d/noctria_kingdom/src/core/path_config.py
/mnt/d/noctria_kingdom/airflow_docker/scripts/download_veritas_model.py,/mnt/d/noctria_kingdom/src/core/path_config.py
/mnt/d/noctria_kingdom/airflow_docker/scripts/evaluate_generated_strategies.py,/mnt/d/noctria_kingdom/src/core/market_loader.py
/mnt/d/noctria_kingdom/airflow_docker/scripts/evaluate_generated_strategies.py,/mnt/d/noctria_kingdom/src/core/path_config.py
/mnt/d/noctria_kingdom/airflow_docker/scripts/evaluate_generated_strategies.py,/mnt/d/noctria_kingdom/src/core/strategy_optimizer_adjusted.py
/mnt/d/noctria_kingdom/airflow_docker/scripts/meta_ai_tensorboard_train.py,/mnt/d/noctria_kingdom/src/core/meta_ai.py
/mnt/d/noctria_kingdom/airflow_docker/scripts/meta_ai_tensorboard_train.py,/mnt/d/noctria_kingdom/src/core/path_config.py
/mnt/d/noctria_kingdom/llm_server/veritas_llm_server.py,/mnt/d/noctria_kingdom/llm_server/llm_prompt_builder.py
/mnt/d/noctria_kingdom/noctria_gui/routes/app_main.py,/mnt/d/noctria_kingdom/noctria_gui/routes/__init__.py
/mnt/d/noctria_kingdom/noctria_gui/routes/observability.py,/mnt/d/noctria_kingdom/src/core/path_config.py
/mnt/d/noctria_kingdom/noctria_gui/routes/observability.py,/mnt/d/noctria_kingdom/src/plan_data/observability.py
/mnt/d/noctria_kingdom/noctria_gui/routes/pdca_routes.py,/mnt/d/noctria_kingdom/src/core/path_config.py
/mnt/d/noctria_kingdom/noctria_gui/routes/prometheus_routes.py,/mnt/d/noctria_kingdom/src/strategies/prometheus_oracle.py
/mnt/d/noctria_kingdom/noctria_gui/routes/statistics/__init__.py,/mnt/d/noctria_kingdom/noctria_gui/routes/statistics/statistics_dashboard.py
/mnt/d/noctria_kingdom/noctria_gui/routes/task_api.py,/mnt/d/noctria_kingdom/noctria_gui/routes/__init__.py
/mnt/d/noctria_kingdom/noctria_gui/trigger_pdca_api.py,/mnt/d/noctria_kingdom/src/core/path_config.py
/mnt/d/noctria_kingdom/scripts/auto_fix_loop.py,/mnt/d/noctria_kingdom/src/codex/prompts/loader.py
/mnt/d/noctria_kingdom/scripts/run_pdca_agents.py,/mnt/d/noctria_kingdom/src/codex/prompts/loader.py
/mnt/d/noctria_kingdom/src/codex/agents/harmonia.py,/mnt/d/noctria_kingdom/src/codex/agents/inventor.py
/mnt/d/noctria_kingdom/src/codex/agents/harmonia.py,/mnt/d/noctria_kingdom/src/codex/prompts/loader.py
/mnt/d/noctria_kingdom/src/codex/agents/inventor.py,/mnt/d/noctria_kingdom/src/codex/prompts/loader.py
/mnt/d/noctria_kingdom/src/codex/agents/proxy/runner.py,/mnt/d/noctria_kingdom/src/codex/agents/proxy/core.py
/mnt/d/noctria_kingdom/src/codex/agents/proxy/runner.py,/mnt/d/noctria_kingdom/src/codex/agents/proxy/tools/fs.py
/mnt/d/noctria_kingdom/src/codex/agents/proxy/runner.py,/mnt/d/noctria_kingdom/src/codex/agents/proxy/tools/git.py
/mnt/d/noctria_kingdom/src/codex/agents/proxy/runner.py,/mnt/d/noctria_kingdom/src/codex/agents/proxy/tools/pytest_runner.py
/mnt/d/noctria_kingdom/src/codex/mini_loop.py,/mnt/d/noctria_kingdom/src/codex/run_codex_cycle.py
/mnt/d/noctria_kingdom/src/codex/run_codex_cycle.py,/mnt/d/noctria_kingdom/src/codex/agents/harmonia.py
/mnt/d/noctria_kingdom/src/codex/run_codex_cycle.py,/mnt/d/noctria_kingdom/src/codex/agents/inventor.py
/mnt/d/noctria_kingdom/src/codex/tools/patch_gen.py,/mnt/d/noctria_kingdom/src/codex/agents/inventor.py
/mnt/d/noctria_kingdom/src/codex/tools/review_pipeline.py,/mnt/d/noctria_kingdom/src/codex/agents/harmonia.py
/mnt/d/noctria_kingdom/src/codex/tools/review_pipeline.py,/mnt/d/noctria_kingdom/src/codex/agents/inventor.py
/mnt/d/noctria_kingdom/src/codex/tools/review_pipeline.py,/mnt/d/noctria_kingdom/src/codex/tools/json_parse.py
/mnt/d/noctria_kingdom/src/core/__init__.py,/mnt/d/noctria_kingdom/src/core/path_config.py
/mnt/d/noctria_kingdom/src/core/__init__.py,/mnt/d/noctria_kingdom/src/core/utils.py
/mnt/d/noctria_kingdom/src/core/king_noctria.py,/mnt/d/noctria_kingdom/src/core/path_config.py
/mnt/d/noctria_kingdom/src/core/logger.py,/mnt/d/noctria_kingdom/src/core/path_config.py
/mnt/d/noctria_kingdom/src/core/strategy_optimizer_adjusted.py,/mnt/d/noctria_kingdom/src/core/risk_control.py
/mnt/d/noctria_kingdom/src/core/task_scheduler.py,/mnt/d/noctria_kingdom/src/strategies/__init__.py
/mnt/d/noctria_kingdom/src/decision/decision_engine.py,/mnt/d/noctria_kingdom/src/plan_data/__init__.py
/mnt/d/noctria_kingdom/src/decision/decision_engine.py,/mnt/d/noctria_kingdom/src/plan_data/contracts.py
/mnt/d/noctria_kingdom/src/decision/quality_gate.py,/mnt/d/noctria_kingdom/src/plan_data/quality_gate.py
/mnt/d/noctria_kingdom/src/e2e/decision_minidemo.py,/mnt/d/noctria_kingdom/src/decision/decision_engine.py
/mnt/d/noctria_kingdom/src/execution/risk_gate.py,/mnt/d/noctria_kingdom/src/plan_data/contracts.py
/mnt/d/noctria_kingdom/src/execution/risk_gate.py,/mnt/d/noctria_kingdom/src/plan_data/observability.py
/mnt/d/noctria_kingdom/src/execution/simulate_official_strategy.py,/mnt/d/noctria_kingdom/src/core/logger.py
/mnt/d/noctria_kingdom/src/execution/simulate_official_strategy.py,/mnt/d/noctria_kingdom/src/core/path_config.py
/mnt/d/noctria_kingdom/src/execution/simulate_official_strategy.py,/mnt/d/noctria_kingdom/src/core/risk_control.py
/mnt/d/noctria_kingdom/src/order_execution.py,/mnt/d/noctria_kingdom/src/execution/order_execution.py
/mnt/d/noctria_kingdom/src/plan_data/__init__.py,/mnt/d/noctria_kingdom/src/plan_data/trace.py
/mnt/d/noctria_kingdom/src/plan_data/adapter_to_decision.py,/mnt/d/noctria_kingdom/src/decision/decision_engine.py
/mnt/d/noctria_kingdom/src/plan_data/adapter_to_decision.py,/mnt/d/noctria_kingdom/src/plan_data/contracts.py
/mnt/d/noctria_kingdom/src/plan_data/ai_adapter.py,/mnt/d/noctria_kingdom/src/plan_data/contracts.py
/mnt/d/noctria_kingdom/src/plan_data/analyzer.py,/mnt/d/noctria_kingdom/src/plan_data/collector.py
/mnt/d/noctria_kingdom/src/plan_data/analyzer.py,/mnt/d/noctria_kingdom/src/plan_data/features.py
/mnt/d/noctria_kingdom/src/plan_data/analyzer.py,/mnt/d/noctria_kingdom/src/plan_data/observability.py
/mnt/d/noctria_kingdom/src/plan_data/analyzer.py,/mnt/d/noctria_kingdom/src/plan_data/trace.py
/mnt/d/noctria_kingdom/src/plan_data/features.py,/mnt/d/noctria_kingdom/src/plan_data/collector.py
/mnt/d/noctria_kingdom/src/plan_data/features.py,/mnt/d/noctria_kingdom/src/plan_data/observability.py
/mnt/d/noctria_kingdom/src/plan_data/features.py,/mnt/d/noctria_kingdom/src/plan_data/trace.py
/mnt/d/noctria_kingdom/src/plan_data/noctus_gate.py,/mnt/d/noctria_kingdom/src/plan_data/__init__.py
/mnt/d/noctria_kingdom/src/plan_data/plan_to_levia_demo.py,/mnt/d/noctria_kingdom/src/plan_data/collector.py
/mnt/d/noctria_kingdom/src/plan_data/plan_to_levia_demo.py,/mnt/d/noctria_kingdom/src/plan_data/features.py
/mnt/d/noctria_kingdom/src/plan_data/plan_to_noctus_demo.py,/mnt/d/noctria_kingdom/src/plan_data/collector.py
/mnt/d/noctria_kingdom/src/plan_data/plan_to_noctus_demo.py,/mnt/d/noctria_kingdom/src/plan_data/features.py
/mnt/d/noctria_kingdom/src/plan_data/profile_loader.py,/mnt/d/noctria_kingdom/src/decision/decision_engine.py
/mnt/d/noctria_kingdom/src/plan_data/run_inventor.py,/mnt/d/noctria_kingdom/src/codex/agents/__init__.py
/mnt/d/noctria_kingdom/src/plan_data/run_inventor.py,/mnt/d/noctria_kingdom/src/plan_data/__init__.py
/mnt/d/noctria_kingdom/src/plan_data/run_with_profile.py,/mnt/d/noctria_kingdom/src/plan_data/adapter_to_decision.py
/mnt/d/noctria_kingdom/src/plan_data/run_with_profile.py,/mnt/d/noctria_kingdom/src/plan_data/profile_loader.py
/mnt/d/noctria_kingdom/src/plan_data/run_with_profile.py,/mnt/d/noctria_kingdom/src/plan_data/strategy_adapter.py
/mnt/d/noctria_kingdom/src/plan_data/statistics.py,/mnt/d/noctria_kingdom/src/plan_data/collector.py
/mnt/d/noctria_kingdom/src/plan_data/statistics.py,/mnt/d/noctria_kingdom/src/plan_data/observability.py
/mnt/d/noctria_kingdom/src/plan_data/statistics.py,/mnt/d/noctria_kingdom/src/plan_data/trace.py
/mnt/d/noctria_kingdom/src/plan_data/strategy_adapter.py,/mnt/d/noctria_kingdom/src/plan_data/observability.py
/mnt/d/noctria_kingdom/src/plan_data/strategy_adapter.py,/mnt/d/noctria_kingdom/src/plan_data/trace.py
/mnt/d/noctria_kingdom/src/plan_data/test_plan_analyzer.py,/mnt/d/noctria_kingdom/src/plan_data/analyzer.py
/mnt/d/noctria_kingdom/src/scripts/evaluate_metaai_model.py,/mnt/d/noctria_kingdom/src/core/meta_ai_env_with_fundamentals.py
/mnt/d/noctria_kingdom/src/scripts/evaluate_metaai_model.py,/mnt/d/noctria_kingdom/src/core/path_config.py
/mnt/d/noctria_kingdom/src/scripts/evaluate_single_strategy.py,/mnt/d/noctria_kingdom/src/core/market_loader.py
/mnt/d/noctria_kingdom/src/scripts/evaluate_single_strategy.py,/mnt/d/noctria_kingdom/src/core/path_config.py
/mnt/d/noctria_kingdom/src/scripts/evaluate_single_strategy.py,/mnt/d/noctria_kingdom/src/core/strategy_evaluator.py
/mnt/d/noctria_kingdom/src/scripts/generate_dummy_logs.py,/mnt/d/noctria_kingdom/src/core/path_config.py
/mnt/d/noctria_kingdom/src/scripts/meta_ai_tensorboard_train.py,/mnt/d/noctria_kingdom/src/core/meta_ai.py
/mnt/d/noctria_kingdom/src/scripts/meta_ai_tensorboard_train.py,/mnt/d/noctria_kingdom/src/core/path_config.py
/mnt/d/noctria_kingdom/src/scripts/push_generated_strategy.py,/mnt/d/noctria_kingdom/src/core/path_config.py
/mnt/d/noctria_kingdom/src/scripts/recheck_runner.py,/mnt/d/noctria_kingdom/src/core/strategy_evaluator.py
/mnt/d/noctria_kingdom/src/strategies/hermes_cognitor.py,/mnt/d/noctria_kingdom/src/codex/prompts/loader.py
/mnt/d/noctria_kingdom/src/strategies/reinforcement/reinforcement_learning.py,/mnt/d/noctria_kingdom/src/core/NoctriaEnv.py
/mnt/d/noctria_kingdom/src/strategies/reinforcement/reinforcement_learning.py,/mnt/d/noctria_kingdom/src/strategies/reinforcement/dqn_agent.py
/mnt/d/noctria_kingdom/src/strategies/reinforcement/reinforcement_learning.py,/mnt/d/noctria_kingdom/src/strategies/reinforcement/experience_replay.py
/mnt/d/noctria_kingdom/src/tools/export_all_logs.py,/mnt/d/noctria_kingdom/src/core/path_config.py
/mnt/d/noctria_kingdom/src/tools/generate_refactor_plan.py,/mnt/d/noctria_kingdom/src/core/path_config.py
/mnt/d/noctria_kingdom/src/tools/git_handler.py,/mnt/d/noctria_kingdom/src/core/logger.py
/mnt/d/noctria_kingdom/src/tools/git_handler.py,/mnt/d/noctria_kingdom/src/core/path_config.py
/mnt/d/noctria_kingdom/src/tools/hardcoded_path_replacer.py,/mnt/d/noctria_kingdom/src/core/path_config.py
/mnt/d/noctria_kingdom/src/tools/push_official_strategy_to_github.py,/mnt/d/noctria_kingdom/src/core/path_config.py
/mnt/d/noctria_kingdom/src/tools/scan_refactor_plan.py,/mnt/d/noctria_kingdom/src/core/path_config.py
/mnt/d/noctria_kingdom/src/tools/show_timeline.py,/mnt/d/noctria_kingdom/src/plan_data/observability.py
/mnt/d/noctria_kingdom/src/tools/strategy_classifier.py,/mnt/d/noctria_kingdom/src/core/path_config.py
/mnt/d/noctria_kingdom/src/tools/structure_auditor.py,/mnt/d/noctria_kingdom/src/core/path_config.py
/mnt/d/noctria_kingdom/src/tools/structure_refactor.py,/mnt/d/noctria_kingdom/src/core/path_config.py
/mnt/d/noctria_kingdom/src/tools/structure_refactor.py,/mnt/d/noctria_kingdom/src/tools/hardcoded_path_replacer.py
/mnt/d/noctria_kingdom/src/tools/structure_refactor.py,/mnt/d/noctria_kingdom/src/tools/structure_auditor.py
/mnt/d/noctria_kingdom/src/tools/tag_summary_generator.py,/mnt/d/noctria_kingdom/src/core/path_config.py
/mnt/d/noctria_kingdom/src/tools/verify_path_config.py,/mnt/d/noctria_kingdom/src/core/__init__.py
/mnt/d/noctria_kingdom/src/veritas/evaluate_veritas.py,/mnt/d/noctria_kingdom/src/core/path_config.py
/mnt/d/noctria_kingdom/src/veritas/strategy_generator.py,/mnt/d/noctria_kingdom/src/core/logger.py
/mnt/d/noctria_kingdom/src/veritas/strategy_generator.py,/mnt/d/noctria_kingdom/src/core/path_config.py
/mnt/d/noctria_kingdom/src/veritas/strategy_generator.py,/mnt/d/noctria_kingdom/src/veritas/models/ml_model/simple_model.py
/mnt/d/noctria_kingdom/src/veritas/veritas_generate_strategy.py,/mnt/d/noctria_kingdom/src/core/path_config.py